{
  "evaluation_date": "2026-01-19T11:21:19.283946",
  "model_info": {
    "architecture": "3-Layer LSTM",
    "sequence_length": 60,
    "n_features": 4,
    "parameters": "~300,000"
  },
  "metrics": {
    "accuracy": 0.3680412371134021,
    "precision": 0.36755062458568294,
    "recall": 0.3680412371134021,
    "f1_score": 0.36605287981434387,
    "per_class": {
      "Awake": {
        "accuracy": 0.28952772073921973,
        "samples": 487
      },
      "Light Sleep": {
        "accuracy": 0.40124740124740127,
        "samples": 481
      },
      "Deep Sleep": {
        "accuracy": 0.3477366255144033,
        "samples": 486
      },
      "REM Sleep": {
        "accuracy": 0.43415637860082307,
        "samples": 486
      }
    },
    "confusion_matrix": [
      [
        141,
        124,
        92,
        130
      ],
      [
        92,
        193,
        82,
        114
      ],
      [
        96,
        122,
        169,
        99
      ],
      [
        70,
        103,
        102,
        211
      ]
    ]
  },
  "confidence": {
    "mean": 0.3037007539081819,
    "std": 0.02816282016632931,
    "min": 0.2530985176563263,
    "max": 0.42662981152534485,
    "median": 0.29816608130931854,
    "by_class": {
      "Awake": {
        "mean": 0.2996629726767241,
        "std": 0.031080362249646897
      },
      "Light Sleep": {
        "mean": 0.3045028475597776,
        "std": 0.028341514236450302
      },
      "Deep Sleep": {
        "mean": 0.3143621012066187,
        "std": 0.029648994228055024
      },
      "REM Sleep": {
        "mean": 0.2972603936272838,
        "std": 0.02108592411756866
      }
    }
  }
}